"id.exposure","id.outcome","outcome","exposure","method","nsnp","b","se","pval","lo_ci","up_ci","or","or_lci95","or_uci95"
"ebi-a-GCST90000046","ebi-a-GCST006956","Erectile dysfunction || id:ebi-a-GCST006956","Age at first sexual intercourse || id:ebi-a-GCST90000046","MR Egger",53,-0.117921749269784,0.827650587234634,0.887264092129025,-1.74011690024967,1.5042734017101,0.888765596450567,0.175499883437598,4.50088210864821
"ebi-a-GCST90000046","ebi-a-GCST006956","Erectile dysfunction || id:ebi-a-GCST006956","Age at first sexual intercourse || id:ebi-a-GCST90000046","Weighted median",53,-0.428173478772068,0.213843994660014,0.0452556687354808,-0.847307708305696,-0.00903924923844057,0.6516983491624,0.428567208055714,0.991001481956093
"ebi-a-GCST90000046","ebi-a-GCST006956","Erectile dysfunction || id:ebi-a-GCST006956","Age at first sexual intercourse || id:ebi-a-GCST90000046","Inverse variance weighted",53,-0.441544616645052,0.172175156806583,0.0103322111664286,-0.779007923985953,-0.10408130930415,0.643042399595816,0.458861010573346,0.9011520223984
"ebi-a-GCST90000046","ebi-a-GCST006956","Erectile dysfunction || id:ebi-a-GCST006956","Age at first sexual intercourse || id:ebi-a-GCST90000046","Simple mode",53,-0.431763399917299,0.507353086215933,0.398664803368589,-1.42617544890053,0.562648649065929,0.649362997850035,0.240225923887495,1.75531556358699
"ebi-a-GCST90000046","ebi-a-GCST006956","Erectile dysfunction || id:ebi-a-GCST006956","Age at first sexual intercourse || id:ebi-a-GCST90000046","Weighted mode",53,-0.521928924647301,0.44533646136922,0.246543667132243,-1.39478838893097,0.35093053963637,0.593374867952332,0.247885486130274,1.42038866177267
