"id.exposure","id.outcome","outcome","exposure","method","nsnp","b","se","pval","lo_ci","up_ci","or","or_lci95","or_uci95"
"ebi-a-GCST90000047","ebi-a-GCST006956","Erectile dysfunction || id:ebi-a-GCST006956","Age at first sexual intercourse || id:ebi-a-GCST90000047","MR Egger",158,-0.638955261410059,0.508011637853476,0.21035908862903,-1.63465807160287,0.356747548782754,0.527843594651099,0.195019042448747,1.4286751535426
"ebi-a-GCST90000047","ebi-a-GCST006956","Erectile dysfunction || id:ebi-a-GCST006956","Age at first sexual intercourse || id:ebi-a-GCST90000047","Weighted median",158,-0.429589732086848,0.170634576708771,0.0118157183601094,-0.764033502436039,-0.0951459617376578,0.65077603248635,0.465783892493358,0.909240210501084
"ebi-a-GCST90000047","ebi-a-GCST006956","Erectile dysfunction || id:ebi-a-GCST006956","Age at first sexual intercourse || id:ebi-a-GCST90000047","Inverse variance weighted",158,-0.482918371995681,0.116803838401473,3.5582238436196e-05,-0.711853895262568,-0.253982848728793,0.616980184179233,0.49073358496333,0.775705106261037
"ebi-a-GCST90000047","ebi-a-GCST006956","Erectile dysfunction || id:ebi-a-GCST006956","Age at first sexual intercourse || id:ebi-a-GCST90000047","Simple mode",158,-0.660311978665462,0.452476106199722,0.146472194255119,-1.54716514681692,0.226541189485993,0.516690113052255,0.212850519331446,1.25425427085867
"ebi-a-GCST90000047","ebi-a-GCST006956","Erectile dysfunction || id:ebi-a-GCST006956","Age at first sexual intercourse || id:ebi-a-GCST90000047","Weighted mode",158,-0.459049163850096,0.453319693542992,0.312790724533226,-1.34755576319436,0.429457435494169,0.631884178276806,0.259874680252491,1.53642368840481
